1,./aligned-images/shivam/IMG_4815.png
1,./aligned-images/shivam/IMG_2796.png
1,./aligned-images/shivam/IMG_2792.png
1,./aligned-images/shivam/IMG_2793.png
1,./aligned-images/shivam/IMG_3114.png
1,./aligned-images/shivam/IMG_2808.png
1,./aligned-images/shivam/IMG_2791.png
1,./aligned-images/shivam/IMG_4818.png
1,./aligned-images/shivam/IMG_2933.png
1,./aligned-images/shivam/IMG_2790.png
1,./aligned-images/shivam/IMG_3847.png
1,./aligned-images/shivam/IMG_2625.png
1,./aligned-images/shivam/IMG_2817.png
1,./aligned-images/shivam/IMG_2624.png
1,./aligned-images/shivam/IMG_2800.png
1,./aligned-images/shivam/IMG_2787.png
1,./aligned-images/shivam/IMG_2923.png
1,./aligned-images/shivam/IMG_4821.png
1,./aligned-images/shivam/IMG_2196.png
1,./aligned-images/shivam/IMG_2802.png
1,./aligned-images/shivam/IMG_2788.png
1,./aligned-images/shivam/IMG_2207.png
1,./aligned-images/shivam/IMG_4819.png
2,./aligned-images/aakarshika/IMG_3945.png
2,./aligned-images/aakarshika/IMG_3796.png
2,./aligned-images/aakarshika/IMG_1703.png
2,./aligned-images/aakarshika/IMG_2575.png
2,./aligned-images/aakarshika/IMG_3794.png
2,./aligned-images/aakarshika/IMG_3939.png
2,./aligned-images/aakarshika/IMG_3508.png
2,./aligned-images/aakarshika/IMG_3922.png
2,./aligned-images/aakarshika/IMG_3791.png
2,./aligned-images/aakarshika/IMG_3929.png
2,./aligned-images/aakarshika/IMG_4028.png
2,./aligned-images/aakarshika/IMG_4051.png
2,./aligned-images/aakarshika/IMG_1702.png
2,./aligned-images/aakarshika/IMG_4522.png
2,./aligned-images/aakarshika/IMG_3956.png
2,./aligned-images/aakarshika/IMG_4101.png
2,./aligned-images/aakarshika/IMG_4091.png
2,./aligned-images/aakarshika/IMG_3884.png
2,./aligned-images/aakarshika/IMG_3940.png
2,./aligned-images/aakarshika/IMG_4001.png
2,./aligned-images/aakarshika/IMG_4030.png
2,./aligned-images/aakarshika/IMG_1761.png
2,./aligned-images/aakarshika/IMG_3998.png
2,./aligned-images/aakarshika/IMG_3570.png
2,./aligned-images/aakarshika/IMG_1712.png
2,./aligned-images/aakarshika/IMG_3941.png
2,./aligned-images/aakarshika/IMG_3750.png
2,./aligned-images/aakarshika/IMG_4332.png
2,./aligned-images/aakarshika/IMG_4105.png
2,./aligned-images/aakarshika/IMG_3949.png
2,./aligned-images/aakarshika/IMG_1970.png
2,./aligned-images/aakarshika/IMG_2885.png
2,./aligned-images/aakarshika/IMG_3950.png
2,./aligned-images/aakarshika/IMG_4331.png
2,./aligned-images/aakarshika/IMG_3938.png
2,./aligned-images/aakarshika/IMG_3944.png
2,./aligned-images/aakarshika/IMG_4027.png
2,./aligned-images/aakarshika/IMG_4107.png
2,./aligned-images/aakarshika/IMG_4784.png
2,./aligned-images/aakarshika/IMG_3536.png
2,./aligned-images/aakarshika/IMG_4104.png
2,./aligned-images/aakarshika/IMG_3935.png
2,./aligned-images/aakarshika/IMG_2100.png
2,./aligned-images/aakarshika/IMG_3934.png
2,./aligned-images/aakarshika/IMG_3953.png
2,./aligned-images/aakarshika/IMG_3952.png
2,./aligned-images/aakarshika/IMG_3290.png
2,./aligned-images/aakarshika/IMG_4084.png
2,./aligned-images/aakarshika/IMG_3790.png
2,./aligned-images/aakarshika/IMG_3793.png
2,./aligned-images/aakarshika/IMG_3957.png
2,./aligned-images/aakarshika/IMG_3932.png
2,./aligned-images/aakarshika/IMG_3544.png
2,./aligned-images/aakarshika/IMG_3540.png
2,./aligned-images/aakarshika/IMG_3308.png
2,./aligned-images/aakarshika/IMG_4039.png
2,./aligned-images/aakarshika/IMG_2772.png
2,./aligned-images/aakarshika/IMG_4029.png
2,./aligned-images/aakarshika/IMG_1714.png
2,./aligned-images/aakarshika/IMG_4087.png
2,./aligned-images/aakarshika/IMG_2577.png
2,./aligned-images/aakarshika/IMG_3792.png
2,./aligned-images/aakarshika/IMG_3954.png
2,./aligned-images/aakarshika/IMG_1967.png
2,./aligned-images/aakarshika/IMG_3951.png
2,./aligned-images/aakarshika/IMG_1760.png
2,./aligned-images/aakarshika/IMG_1745.png
2,./aligned-images/aakarshika/IMG_2155.png
2,./aligned-images/aakarshika/IMG_3997.png
2,./aligned-images/aakarshika/IMG_3445.png
2,./aligned-images/aakarshika/IMG_3795.png
2,./aligned-images/aakarshika/IMG_3543.png
2,./aligned-images/aakarshika/IMG_3159.png
2,./aligned-images/aakarshika/IMG_1711.png
2,./aligned-images/aakarshika/IMG_3955.png
2,./aligned-images/aakarshika/IMG_4070.png
2,./aligned-images/aakarshika/IMG_3923.png
2,./aligned-images/aakarshika/IMG_2048.png
2,./aligned-images/aakarshika/IMG_3927.png
2,./aligned-images/aakarshika/IMG_3292.png
2,./aligned-images/aakarshika/IMG_3948.png
2,./aligned-images/aakarshika/IMG_3947.png
2,./aligned-images/aakarshika/IMG_2159.png
2,./aligned-images/aakarshika/IMG_2160.png
2,./aligned-images/aakarshika/IMG_1713.png
2,./aligned-images/aakarshika/IMG_3937.png
2,./aligned-images/aakarshika/IMG_3861.png
2,./aligned-images/aakarshika/IMG_1704.png
3,./aligned-images/abhinav/IMG_0007.png
3,./aligned-images/abhinav/IMG_0006.png
3,./aligned-images/abhinav/IMG_0027.png
3,./aligned-images/abhinav/IMG_1167.png
3,./aligned-images/abhinav/IMG_2786.png
3,./aligned-images/abhinav/IMG_0008.png
3,./aligned-images/abhinav/IMG_0032.png
3,./aligned-images/abhinav/IMG_0321.png
3,./aligned-images/abhinav/IMG_1182.png
4,./aligned-images/aprajita/IMG_1990.png
4,./aligned-images/aprajita/IMG_1991.png
4,./aligned-images/aprajita/IMG_1531.png
4,./aligned-images/aprajita/IMG_3650.png
4,./aligned-images/aprajita/IMG_1993.png
4,./aligned-images/aprajita/IMG_2077.png
4,./aligned-images/aprajita/IMG_1995.png
4,./aligned-images/aprajita/IMG_2076.png
4,./aligned-images/aprajita/IMG_2018.png
4,./aligned-images/aprajita/IMG_1542.png
4,./aligned-images/aprajita/IMG_1532.png
4,./aligned-images/aprajita/IMG_2147.png
4,./aligned-images/aprajita/IMG_4026.png
4,./aligned-images/aprajita/IMG_4336.png
4,./aligned-images/aprajita/IMG_2027.png
4,./aligned-images/aprajita/IMG_2095.png
4,./aligned-images/aprajita/IMG_2075.png
4,./aligned-images/aprajita/IMG_2041.png
4,./aligned-images/aprajita/IMG_1997.png
4,./aligned-images/aprajita/IMG_2062.png
4,./aligned-images/aprajita/IMG_2024.png
4,./aligned-images/aprajita/IMG_2098.png
5,./aligned-images/tejas/WhatsApp Image 2017-04-11 at 4.13.25 PM.png
5,./aligned-images/tejas/WhatsApp Image 2017-04-11 at 4.13.19 PM(1).png
5,./aligned-images/tejas/WhatsApp Image 2017-04-11 at 4.13.19 PM.png
5,./aligned-images/tejas/WhatsApp Image 2017-04-11 at 4.13.25 PM(1).png
5,./aligned-images/tejas/WhatsApp Image 2017-04-11 at 4.13.18 PM.png
5,./aligned-images/tejas/WhatsApp Image 2017-04-11 at 4.13.24 PM.png
5,./aligned-images/tejas/WhatsApp Image 2017-04-11 at 4.13.23 PM.png
5,./aligned-images/tejas/WhatsApp Image 2017-04-11 at 4.13.23 PM(2).png
5,./aligned-images/tejas/WhatsApp Image 2017-04-11 at 4.13.23 PM(1).png
